name,email,password,role,rollNumber,class,department,section,phone,dateOfBirth,address
Tabitha Andryushin,tandryushin0@mediafire.com,"lC3,vwdad2",student,1,12,MPC,B,782-197-5451,3/20/2006,0 Melby Lane
Sansone Aslam,saslam1@e-recht24.de,cE7!U8WD(c,student,2,12,MPC,A,652-132-6358,12/23/2006,171 Mifflin Junction
Vassily Dooler,vdooler2@admin.ch,sK8_F/}2AsE2A(_h,student,3,12,MPC,A,832-123-7798,2/27/2005,338 Kinsman Terrace
Borg Sculley,bsculley3@mozilla.org,"oK4""B1=Gy8YwX&&L",student,4,11,MPC,C,946-840-3465,3/24/2005,352 Old Shore Lane
Cecily Van de Vlies,cvan4@cpanel.net,dK5=R`kx,student,5,12,MPC,C,679-689-4437,7/14/2006,2 Melvin Court
Eleanora Densell,edensell5@vk.com,qQ2'KW*fMl,student,6,11,BiPC,A,963-880-9205,8/22/2007,65472 Coleman Point
Lulita Dring,ldring6@meetup.com,lD9*u6cI_s7(k,student,7,12,MPC,C,711-192-5703,06-03-2005,5 Miller Hill
Nikola Bollin,nbollin7@springer.com,dQ8!f%S+8*EO+A7n,student,8,11,MPC,B,365-648-2266,7/14/2005,0033 Morningstar Pass
Chelsae Spillard,cspillard8@usa.gov,sN9(<hE&/XP>SZ+,student,9,11,BiPC,B,720-782-7634,12/14/2005,0624 Old Gate Junction
Tiff Denney,tdenney9@webs.com,dV5_g>/ga$a?jss3,student,10,11,MPC,B,841-538-8612,01-07-2009,8754 Kenwood Crossing
Xylina Alvares,xalvaresa@unc.edu,"vV0{zr{0""6'$f",student,11,12,BiPC,B,777-882-7518,4/24/2007,0 Mandrake Lane
Aurelie Palmar,apalmarb@hugedomains.com,"kI9}/,Uf39HOe",student,12,12,BiPC,B,971-253-9925,02-05-2010,1 Continental Trail
Cobb Lowis,clowisc@tiny.cc,oZ9\Lu1I6?J_,student,13,12,MPC,C,775-955-3486,3/31/2005,37 Crownhardt Parkway
Jere Craigg,jcraiggd@pen.io,fZ7_ws1R6Acw2,student,14,12,BiPC,B,882-984-7479,10-01-2010,29 Loeprich Drive
Beatrix Burk,bburke@webmd.com,qV4'Sj0veW.\2,student,15,12,BiPC,A,624-881-1530,08-05-2006,973 Meadow Vale Trail
Karna Grimditch,kgrimditchf@eepurl.com,jF0?&?O?fe#Q~u,student,16,11,BiPC,B,461-386-2237,11-06-2009,94 Arizona Junction
Kristen Lewsy,klewsyg@chronoengine.com,hO6+1.N{,student,17,12,BiPC,A,455-364-3893,06-11-2005,52379 Knutson Pass
Tiff Stockford,tstockfordh@scientificamerican.com,"cZ4@Fj""W6""1aOoMu",student,18,11,BiPC,C,255-680-1134,3/31/2006,2257 Mcbride Avenue
Anselma Creamer,acreameri@dailymotion.com,eG9<Pr1u0{D32W93,student,19,12,MPC,B,356-696-9238,8/24/2010,2242 Novick Plaza
Debra Deary,ddearyj@dion.ne.jp,mH6=kYN7Kw),student,20,11,BiPC,A,575-576-7242,6/25/2007,8740 Shelley Road
Brandea Daynter,bdaynterk@slashdot.org,sM9*)do!IXu,student,21,11,MPC,B,250-562-5907,12/27/2008,4980 Eastlawn Lane
Edgard Banbrigge,ebanbriggel@w3.org,oA4_Pkkc,student,22,11,BiPC,C,280-718-9658,05-03-2008,975 Reindahl Pass
Wilma Jenteau,wjenteaum@bandcamp.com,wB1/Qe$c*&EQ'@,student,23,11,BiPC,A,682-625-5268,8/31/2008,53 Mifflin Street
Godfrey Sandes,gsandesn@newyorker.com,"dM8,j\xD",student,24,12,MPC,B,204-442-0819,02-10-2007,63299 East Parkway
Mord Cookes,mcookeso@sfgate.com,oC0.1@j?b,student,25,11,BiPC,B,720-683-9297,3/20/2005,42 Crest Line Road
Giselbert Whitehead,gwhiteheadp@google.co.uk,uB6\0c%kbAi9BE,student,26,12,MPC,C,320-764-8971,7/29/2005,72709 Hayes Park
Hertha Critzen,hcritzenq@dyndns.org,yE7'jCTuR/,student,27,12,MPC,C,256-403-4512,5/23/2008,85 Gina Lane
Lotte Flowitt,lflowittr@fotki.com,hD1(\ZB'm,student,28,12,BiPC,A,319-909-7036,02-05-2009,916 Rusk Plaza
Wilburt Wollard,wwollards@ftc.gov,kE8'sso_}?tp!,student,29,12,BiPC,A,591-645-8721,03-07-2005,5 Scofield Court
Padgett Blakeden,pblakedent@discovery.com,uH4'fI>+,student,30,11,MPC,B,142-234-9280,8/16/2010,80045 Bonner Way
Florian Giddons,fgiddonsu@dot.gov,eO5~%KNAA3/IOU~1,student,31,11,MPC,B,550-256-6474,9/16/2005,7449 Dixon Circle
Lek Jouhan,ljouhanv@abc.net.au,jY3(NEWt'%H+rh>,student,32,11,BiPC,A,531-751-4735,10-10-2005,4 Scofield Way
Ferd McPheat,fmcpheatw@archive.org,tU6}gdOq.&Uzp,student,33,12,MPC,C,652-589-8375,12-07-2005,59 Almo Center
Katha Boutton,kbouttonx@51.la,kZ9}6kA?_,student,34,11,BiPC,A,843-273-8857,9/25/2005,821 Shasta Parkway
Thacher Gerbl,tgerbly@guardian.co.uk,uR1@%)R5cv,student,35,11,MPC,A,411-903-3951,6/22/2010,0274 Hudson Crossing
Karrie Huc,khucz@state.tx.us,fO1<ej%1N&>w=VQ,student,36,11,MPC,C,925-513-2769,10-04-2008,70 Moose Hill
Lazaro Cholmondeley,lcholmondeley10@odnoklassniki.ru,"iR5{QTe7{##,*Pq6",student,37,11,BiPC,A,996-278-6853,6/29/2006,23465 Ramsey Alley
Evey Emm,eemm11@hostgator.com,"kN1,_7lW\Gnze",student,38,11,BiPC,B,764-582-3533,5/29/2006,27745 Warner Way
Babette McGinney,bmcginney12@tripod.com,kZ7|Qu`!T,student,39,11,MPC,A,437-726-1773,8/31/2009,1197 Brown Parkway
Glennie Preskett,gpreskett13@lulu.com,wI0'olV(h,student,40,11,MPC,B,161-635-8951,07-10-2005,9570 Gina Pass
Albertina McFadden,amcfadden14@gov.uk,qT8/f>qCvG7*w,student,41,12,BiPC,C,931-906-2863,02-01-2006,5928 Warner Drive
Julianna Elwood,jelwood15@indiegogo.com,tS4(6teMS\FPYa*,student,42,12,MPC,C,558-653-1195,02-07-2006,6 Londonderry Lane
Maxine Dailly,mdailly16@nba.com,mT8&dj%%=@RPPH1f,student,43,12,MPC,A,349-585-6225,8/26/2006,4 Algoma Park
Hermia Drakes,hdrakes17@cpanel.net,zV0%!n_NoWGl!a,student,44,12,BiPC,B,916-455-0809,2/29/2008,5319 Roth Junction
Darren Skeemer,dskeemer18@unc.edu,vA1$8OC~paq~eG,student,45,11,MPC,B,371-220-6104,4/20/2007,6662 Hermina Park
Addie Arboine,aarboine19@businessweek.com,"cQ6,2QvHTa",student,46,12,BiPC,C,251-193-6055,8/29/2008,5424 Debs Circle
Marge Hedgeley,mhedgeley1a@desdev.cn,qY5@9zt5ac,student,47,11,BiPC,C,760-267-3139,9/17/2008,0950 Jenifer Terrace
Mord MacConnel,mmacconnel1b@ifeng.com,kJ6_9#(3rtal,student,48,11,MPC,B,343-514-4482,4/18/2010,98749 Rowland Street
Linda Gornar,lgornar1c@cisco.com,pU4<KjsKs}GP#,student,49,11,BiPC,A,220-931-7974,08-08-2006,8915 Jana Place
Devy Mallinder,dmallinder1d@elegantthemes.com,xV3*(59Ep)p`,student,50,11,BiPC,B,397-743-0983,5/23/2010,420 Dahle Junction
Jessika De Lasci,jde1e@livejournal.com,vB8{tpFx2k)2,student,51,12,MPC,A,413-398-1083,3/22/2010,301 Loftsgordon Plaza
Skyler Maier,smaier1f@moonfruit.com,"aJ9#P,hH=SqU",student,52,12,BiPC,C,755-986-8822,09-05-2006,0 Maywood Lane
Terrell Thomelin,tthomelin1g@php.net,lI5.84ADxyH?+,student,53,11,MPC,B,386-703-9817,1/23/2010,17524 Nelson Alley
Fonz Cranston,fcranston1h@nytimes.com,jA8.YvCE+Su`{w,student,54,12,MPC,A,567-390-0637,11/20/2009,2345 Bashford Place
Minni Duley,mduley1i@friendfeed.com,oV1@hhO%/5=uj,student,55,12,MPC,C,312-350-4904,04-10-2007,401 Northwestern Terrace
Joete Bradock,jbradock1j@timesonline.co.uk,mV1/Sitt,student,56,12,BiPC,C,668-812-1324,12/13/2005,4013 Calypso Street
Belvia Harmour,bharmour1k@ox.ac.uk,iV2#l\pbhWyU|MK,student,57,11,BiPC,A,942-412-5421,01-09-2008,493 Independence Hill
Carmita Cristofalo,ccristofalo1l@blog.com,qQ0}7aY.e%,student,58,11,MPC,B,432-761-2254,04-06-2007,306 Lillian Drive
Darrell Kestell,dkestell1m@nps.gov,dC9$rOl(U5V,student,59,12,MPC,A,553-734-5053,12/20/2008,9 Warrior Court
Zaria Whitlam,zwhitlam1n@soup.io,rF2$k.Ygjdq|l,student,60,12,MPC,A,519-913-2042,3/19/2005,58 Northport Plaza
Leda Canadine,lcanadine1o@oaic.gov.au,eF5'M6a*sP8c`roi,student,61,12,MPC,C,781-244-1158,02-12-2005,4 Arizona Pass
Billy Gye,bgye1p@opensource.org,bS4$aY|%Ik@yTD,student,62,12,MPC,C,689-427-8458,3/30/2005,3 Manufacturers Trail
Andree Pennings,apennings1q@forbes.com,zZ1?+wIb)i+~F,student,63,11,BiPC,B,460-834-4196,11-08-2010,37242 American Ash Road
Fredericka Kondratowicz,fkondratowicz1r@toplist.cz,pI1'8Ycpf)KJw1O,student,64,12,MPC,B,181-567-8576,12/27/2008,7680 Westend Center
Clevie Abdy,cabdy1s@sphinn.com,"bW1_hh){aaj,|",student,65,12,BiPC,B,883-258-3124,4/18/2007,86 Bellgrove Avenue
Hank Pattenden,hpattenden1t@yale.edu,cK8+=k$VV%t|K',student,66,11,MPC,B,584-846-7023,10/17/2006,064 Glendale Crossing
Weider Sakins,wsakins1u@oracle.com,vH0<K9L8c,student,67,11,BiPC,A,546-211-4869,03-12-2007,2338 Mitchell Alley
Dore Philips,dphilips1v@buzzfeed.com,nO0*k}4o,student,68,11,BiPC,C,522-310-0850,2/21/2009,9035 Victoria Circle
Della De la Barre,dde1w@ehow.com,lD0'$o)'SqcO,student,69,11,BiPC,B,693-693-5131,8/31/2007,2005 Bartelt Crossing
Harwell Goulthorp,hgoulthorp1x@devhub.com,mJ8|N{'X,student,70,11,MPC,A,240-120-2923,07-04-2009,22 Moland Junction
Aldis De Biaggi,ade1y@kickstarter.com,bD4+H/Z9ZJ7B3+,student,71,12,MPC,B,378-728-6511,4/27/2009,0 Waxwing Crossing
Lyell Dartan,ldartan1z@shareasale.com,vB5<qCRaU%q+Z},student,72,12,MPC,C,895-257-6249,11-01-2009,21 Village Pass
Falkner Lammin,flammin20@youtu.be,iB8_VOg?O%bz2,student,73,12,BiPC,C,670-475-6397,11/14/2008,0 Marquette Avenue
Joye Chotty,jchotty21@joomla.org,"aX4_,%6OHayn\.",student,74,11,MPC,A,746-583-6893,08-04-2009,19822 Tony Terrace
Jeff Alfonso,jalfonso22@elpais.com,zY5#jh.ZgvC,student,75,12,BiPC,B,596-997-1396,11/22/2008,856 Annamark Circle
Tara Castrillo,tcastrillo23@pinterest.com,jD6#/Ov8k,student,76,11,BiPC,C,408-543-3668,12/26/2005,8 Sunfield Pass
Kristofer Coyett,kcoyett24@a8.net,uG4&BbfT!,student,77,11,BiPC,A,598-513-4383,8/22/2007,20 Iowa Point
Aguste Middlemass,amiddlemass25@chronoengine.com,mD5@=3tQtD&y,student,78,11,MPC,B,798-602-2072,10/16/2009,7571 Novick Trail
Aloisia Dufaire,adufaire26@scientificamerican.com,lW2+8lSYM,student,79,12,MPC,B,791-262-7522,10-07-2006,7352 Tennyson Crossing
Micah Wicklen,mwicklen27@so-net.ne.jp,jX7<CYCPv0E,student,80,11,MPC,B,790-258-0480,11/20/2006,52 Bashford Parkway
Noell Mansuer,nmansuer28@wikia.com,uM1`0u3|NJER,student,81,12,BiPC,B,193-614-0850,2/13/2010,050 Michigan Avenue
Noland Younghusband,nyounghusband29@wp.com,"sP3$\`,,_f&vpH",student,82,12,BiPC,C,201-803-0973,12/14/2009,54 Center Drive
Julietta Money,jmoney2a@biblegateway.com,bA0%&=tt,student,83,12,BiPC,A,752-161-2394,6/17/2010,6 Esker Trail
Trudi Ivashchenko,tivashchenko2b@rakuten.co.jp,"xP1?FU,p+jX",student,84,11,BiPC,A,749-555-5773,2/22/2007,2 Crowley Circle
Eugene Swires,eswires2c@friendfeed.com,pF6.X.3zr,student,85,12,BiPC,C,904-882-0413,12-10-2005,9871 Montana Trail
Billi Heyball,bheyball2d@microsoft.com,aT6_2ie1+Z,student,86,12,MPC,A,835-200-8936,03-02-2009,7623 Cordelia Terrace
Hester Aubert,haubert2e@sfgate.com,xX4>XlU`IR`%X,student,87,11,BiPC,B,330-693-5595,5/21/2008,10115 Menomonie Parkway
Maureen Charleston,mcharleston2f@drupal.org,zI3/d8T'(Q{u},student,88,12,BiPC,C,672-135-9122,3/30/2008,7135 Arizona Plaza
Tracy Deerr,tdeerr2g@mapy.cz,"kZ5(..?,*M1\|",student,89,11,MPC,B,731-253-2954,1/13/2008,793 Ludington Alley
Lesley Studeart,lstudeart2h@merriam-webster.com,oA1!P@U${@,student,90,12,MPC,A,796-357-5548,3/25/2005,806 Commercial Crossing
Berry Belsher,bbelsher2i@japanpost.jp,lW4|rI>p%0,student,91,12,BiPC,B,807-998-9914,9/15/2010,82380 Vidon Trail
Calley Gloy,cgloy2j@thetimes.co.uk,rV9)fHgOs,student,92,12,MPC,B,297-120-3741,04-11-2008,37 Dennis Court
Mandi Bleythin,mbleythin2k@fc2.com,oA6*62aqq~>FV4fp,student,93,12,MPC,C,227-692-1256,1/22/2007,95223 Veith Hill
Aubree Vaskov,avaskov2l@cdbaby.com,iD0'~HV'vBW,student,94,11,MPC,B,297-647-5712,7/30/2007,7918 Loeprich Point
Roxanna Langhor,rlanghor2m@usa.gov,vJ9')JueX*,student,95,12,BiPC,B,134-175-8907,1/28/2009,7 Brickson Park Place
Emeline McEvon,emcevon2n@ezinearticles.com,"rO9{+cTF@8NK""igO",student,96,11,BiPC,C,206-887-1964,6/29/2010,712 Mifflin Point
Gerda Camps,gcamps2o@gmpg.org,"hA0,YkX`!gr4",student,97,11,BiPC,A,140-984-3233,7/25/2008,3 Darwin Plaza
Rozanne Elsley,relsley2p@clickbank.net,wW6#h!$inpN(x9,student,98,12,MPC,A,750-691-9881,10/18/2007,796 Chinook Street
Bink Wheldon,bwheldon2q@dedecms.com,bN1`+E$eA,student,99,11,MPC,A,408-647-1277,8/24/2008,04188 Goodland Plaza
Tera Camel,tcamel2r@walmart.com,"sH7<0""|H.N3K",student,100,12,BiPC,B,446-350-8718,10/13/2006,9 Wayridge Road
Hubey Bartoszewski,hbartoszewski2s@woothemes.com,mP8!SeZv,student,101,11,MPC,C,573-656-3011,7/15/2005,7724 Straubel Terrace
Jamie Priddey,jpriddey2t@ow.ly,qA6~G(pOH7,student,102,12,MPC,C,333-885-8932,2/28/2010,7251 Monument Plaza
Milt Parnell,mparnell2u@e-recht24.de,eU5}O?2pA,student,103,12,BiPC,B,521-983-1374,6/24/2005,2352 Dakota Parkway
Jerrie Donativo,jdonativo2v@domainmarket.com,pO2!H&P@H8X.+,student,104,12,BiPC,A,151-688-9643,10/21/2008,6 Coolidge Drive
Clerc Gilchriest,cgilchriest2w@csmonitor.com,"yU9*""=40Je@TXgQ",student,105,12,MPC,B,373-711-5513,5/19/2008,22806 David Street
Ase Viant,aviant2x@wikispaces.com,oF2)NZ=Z`VZ1r}1,student,106,11,BiPC,C,974-137-1565,3/16/2006,73089 Esch Court
Eilis Snap,esnap2y@unesco.org,"iB4""wY.=k3@Qu\)F",student,107,11,MPC,A,936-275-2420,9/16/2005,39 New Castle Pass
Emelen Curcher,ecurcher2z@craigslist.org,mD6!0c.jq,student,108,12,BiPC,A,307-566-8185,10/31/2007,5 Carpenter Pass
Tabby Peter,tpeter30@is.gd,vV1+1}<3hWge#.zV,student,109,11,MPC,A,747-269-8154,05-02-2009,4022 4th Terrace
Andy Hullbrook,ahullbrook31@illinois.edu,oI7}BKpg0,student,110,11,BiPC,A,973-243-4499,4/29/2010,4648 Gale Pass
Robin Cull,rcull32@github.io,sR2<y~Zfokb,student,111,12,MPC,A,955-187-8147,11-02-2008,9879 Northland Terrace
Kiah Woodland,kwoodland33@google.pl,jZ8&o>)?YLFk>T,student,112,12,MPC,B,292-645-5033,09-10-2006,077 Eagle Crest Court
Alix Ribchester,aribchester34@bigcartel.com,hF6&Ql*B_Any.=1j,student,113,11,BiPC,A,702-657-6121,9/27/2006,31 Westerfield Center
Sylvia Wilkie,swilkie35@blogger.com,uM5|Os\3J={*XD,student,114,12,MPC,A,973-113-2695,7/25/2006,08 Eastwood Trail
Hewe Van Ross,hvan36@apache.org,kI4>)w%}/,student,115,12,BiPC,A,761-969-1115,12/27/2010,124 Maryland Road
Dulci Corser,dcorser37@cdbaby.com,nQ4#OKsGS_0VNV/,student,116,12,BiPC,A,370-896-4395,11-12-2005,32169 Sundown Road
Burty Chilles,bchilles38@yahoo.co.jp,jI0\k7XR,student,117,11,BiPC,C,378-986-2104,02-08-2009,1034 Haas Avenue
Archaimbaud Nyssens,anyssens39@purevolume.com,xH4<{j3'PmI)n,student,118,12,BiPC,B,295-560-4193,8/15/2006,269 Brentwood Place
Loutitia Impey,limpey3a@nps.gov,jR9.k*Zz/t<d,student,119,11,BiPC,B,341-604-9408,12/24/2009,1 Artisan Court
Charlie Eckersley,ceckersley3b@sohu.com,yT8$.P9et%n,student,120,11,BiPC,B,373-229-4503,10-04-2008,2 Red Cloud Pass
Siusan Escale,sescale3c@examiner.com,wE7)!LqfDSFgyy),student,121,11,MPC,B,997-287-9285,10/27/2006,8163 Ramsey Park
Emmey Lanahan,elanahan3d@goo.ne.jp,iH7/J1$W9,student,122,11,BiPC,C,637-103-9498,08-03-2010,5921 Forest Run Center
Seline Geroldi,sgeroldi3e@redcross.org,fL3</oe+J,student,123,11,MPC,A,912-157-6445,01-11-2007,73 Morrow Street
Clem Nelthropp,cnelthropp3f@themeforest.net,nO3&lu2G20,student,124,12,BiPC,B,332-641-8329,12/19/2010,5873 Messerschmidt Terrace
Fairlie Esche,fesche3g@patch.com,uO4>N1OF/J,student,125,12,BiPC,A,428-592-4472,3/19/2008,353 Claremont Terrace
Nara Goggin,ngoggin3h@techcrunch.com,wS9.b2+b4!S*~d),student,126,12,BiPC,B,863-899-9856,3/23/2010,54959 Gina Hill
Carmelita Forre,cforre3i@apache.org,xA4>WkvsU9G,student,127,12,BiPC,A,854-556-6113,03-02-2007,74 Green Ridge Crossing
Andie Izkovitz,aizkovitz3j@xrea.com,oE0#W_x(POrT0%t,student,128,12,MPC,C,106-283-1795,8/27/2008,1789 Barby Place
Lissi Fewtrell,lfewtrell3k@storify.com,"fQ6%t~1,_",student,129,11,BiPC,C,798-875-3366,5/27/2008,1 Marcy Road
Jessy Hargerie,jhargerie3l@vistaprint.com,zQ2/4A))3,student,130,12,BiPC,B,560-253-8690,8/17/2006,2 Melvin Parkway
Tobe Wheal,twheal3m@live.com,qV6}/~At,student,131,12,BiPC,C,981-910-8704,12/20/2005,329 6th Terrace
Fritz Arrundale,farrundale3n@twitpic.com,"aH5,d&Zc",student,132,12,BiPC,C,614-940-9408,09-10-2006,310 Bluejay Road
Klemens Paul,kpaul3o@moonfruit.com,uS8&%#i*ttH8,student,133,11,BiPC,B,328-855-2547,8/20/2008,1 Fairfield Plaza
Selestina Meake,smeake3p@japanpost.jp,fW6>'mnTkyp}8bG9,student,134,12,MPC,A,767-346-7880,3/16/2007,55980 Bartelt Court
Sal Walding,swalding3q@sphinn.com,bC0'hyiMH6rBwqi,student,135,12,MPC,C,256-948-0378,1/21/2007,58312 Warbler Drive
Fenelia Maletratt,fmaletratt3r@angelfire.com,aV8_K3pk<5,student,136,12,MPC,A,516-643-0522,04-04-2009,00 Kropf Alley
Mercy Matthensen,mmatthensen3s@ucoz.ru,jC5$7%g&C'Vx,student,137,11,MPC,B,178-175-2970,5/23/2007,867 Coolidge Place
Linnie Goodwell,lgoodwell3t@studiopress.com,"lH9&,wI""Z1o*(c",student,138,11,BiPC,A,750-103-1398,11/19/2010,9691 Summit Avenue
Urbain Hardaker,uhardaker3u@photobucket.com,kC2/+Og3MjTq|m%x,student,139,12,BiPC,B,975-611-1645,09-09-2005,59 Cherokee Hill
Isidora Zanutti,izanutti3v@wunderground.com,xT3@qSI},student,140,11,MPC,C,801-752-4563,11/19/2006,6492 Mendota Park
Paulie Irwin,pirwin3w@time.com,zK6{_~ZG7*c,student,141,12,MPC,C,349-860-9446,08-09-2008,331 Maple Pass
Berrie Fley,bfley3x@macromedia.com,sR2<XFQQ,student,142,11,BiPC,B,534-178-0458,12/27/2006,4028 3rd Terrace
Heidie Rosengarten,hrosengarten3y@mlb.com,"eS8,5wTGS3AApb`",student,143,11,MPC,B,602-237-8849,10/29/2010,55903 Briar Crest Pass
Alyse Gatteridge,agatteridge3z@businessinsider.com,nF1}==c%ZR9SaB,student,144,12,BiPC,A,674-731-5628,02-01-2006,6844 Florence Court
Ivonne Piquard,ipiquard40@youtu.be,eV3>5D*W?%~@$C|o,student,145,12,MPC,A,192-166-7015,12/18/2009,31 Pleasure Place
Lissie McComish,lmccomish41@paginegialle.it,gC5?9Z+aM?AY5P,student,146,12,MPC,B,202-250-0805,7/26/2005,3 Maple Pass
Rosene Manntschke,rmanntschke42@deviantart.com,"nD0""BJamR`q{=JHC",student,147,12,BiPC,B,242-735-3010,11-03-2010,9482 Rieder Pass
Tina Hurran,thurran43@msn.com,vS2&su9W1dw,student,148,11,BiPC,B,114-262-6827,9/21/2006,418 Meadow Vale Plaza
Jaime Ayre,jayre44@unc.edu,kZ9#crh89Ha.,student,149,11,BiPC,A,262-536-3810,10-06-2006,51246 Doe Crossing Point
Donny Goodinge,dgoodinge45@amazon.com,yF4$u/hVvsD6>,student,150,11,BiPC,A,219-969-9810,6/14/2008,235 Blue Bill Park Pass
Cesar Raddin,craddin46@eventbrite.com,wX0<?r$jFrYL3,student,151,11,BiPC,B,666-309-6477,1/15/2009,2343 Farragut Court
Greta Caccavella,gcaccavella47@tamu.edu,qB9=|!s{J,student,152,12,MPC,A,911-201-0772,5/23/2010,0779 Arrowood Hill
Linnet East,least48@bloglovin.com,aL4._5FC\c*b4yJL,student,153,11,BiPC,B,780-180-6914,11/16/2006,639 Farwell Alley
Leonid Mengo,lmengo49@addtoany.com,"vL6""C""?o'N/TBl",student,154,11,MPC,C,443-712-8528,02-05-2007,5545 Brickson Park Parkway
Delaney Gillatt,dgillatt4a@ocn.ne.jp,wG6*B}8%qf72ov&z,student,155,11,BiPC,B,234-360-1970,7/18/2006,12 American Alley
Karna Heindrich,kheindrich4b@blinklist.com,aP4*3k?OZ%cN,student,156,12,BiPC,B,753-600-0210,6/22/2009,76723 Crowley Center
Letitia Baxstar,lbaxstar4c@cbsnews.com,sU5{=j7MmI*YJ,student,157,12,MPC,C,478-937-2481,03-11-2009,7 Union Court
Alley Tatlowe,atatlowe4d@cnn.com,"bB5""HC}0gbSd",student,158,12,MPC,B,740-344-8842,2/17/2006,1 Annamark Park
Nikolaus Casoni,ncasoni4e@sciencedaily.com,uR7?5eIDAHzfN$g(,student,159,11,MPC,B,198-496-1954,03-12-2010,5315 Homewood Junction
Kerrill Statefield,kstatefield4f@sciencedaily.com,kD1{<V9iQ9,student,160,12,MPC,B,131-296-3560,2/17/2009,99 Sachtjen Lane
Alejoa Richardsson,arichardsson4g@webeden.co.uk,dH0\?@}SE0X,student,161,11,MPC,B,533-302-5139,7/30/2009,2246 Pond Place
Brandise Poizer,bpoizer4h@photobucket.com,wU9\vf@PxMQe/k,student,162,12,MPC,C,757-670-1677,08-01-2009,730 Hoard Hill
Scarface Dusting,sdusting4i@etsy.com,"sR5'vU`K""Yz",student,163,12,BiPC,B,925-235-8373,10/16/2007,70 Derek Center
Loralie Kolodziej,lkolodziej4j@cam.ac.uk,"nJ8(bvU.,8HC",student,164,11,MPC,A,980-866-0768,08-05-2008,1 Heath Center
Astra McKerrow,amckerrow4k@bloomberg.com,kY6}rwC>bg'w/Tv,student,165,12,BiPC,C,789-766-8879,12-05-2007,2431 Oxford Place
Lela Pollicott,lpollicott4l@webnode.com,lK9((VK!*'vQD,student,166,12,BiPC,B,489-148-7923,03-11-2006,9538 Donald Alley
Elspeth Girdlestone,egirdlestone4m@auda.org.au,"lY0(lta/}z,3*z>",student,167,12,MPC,C,548-735-8230,9/20/2009,8340 Dixon Drive
Maitilde Lembcke,mlembcke4n@apache.org,rV2_LHw$,student,168,11,BiPC,C,777-459-9708,7/29/2006,0336 Cardinal Avenue
Colette Pitrollo,cpitrollo4o@squarespace.com,lW9/FLT>NR+Ev,student,169,12,BiPC,B,310-504-8686,4/13/2010,0 Sutteridge Crossing
Veronica Perview,vperview4p@shareasale.com,"pX8,k.4*",student,170,11,MPC,C,631-385-4400,08-05-2008,09376 Welch Drive
Celestyna Fitzroy,cfitzroy4q@people.com.cn,pA4.MkTXA,student,171,11,MPC,C,366-180-3375,3/14/2010,74 Golden Leaf Junction
Margette Casotti,mcasotti4r@plala.or.jp,uA1#xOF!,student,172,12,BiPC,A,682-448-3179,04-10-2006,48 Corben Crossing
Henrietta Dickie,hdickie4s@vimeo.com,"dI2@E""dA",student,173,12,MPC,C,535-166-7235,3/31/2009,17 Morningstar Point
Olin Marshman,omarshman4t@scribd.com,dF7?Z3.DF<JSfDJ1,student,174,12,MPC,A,382-379-0130,3/18/2009,96 Arapahoe Plaza
Sigismond Dongall,sdongall4u@facebook.com,eU5%>=*w&nLVT,student,175,12,BiPC,C,874-325-2309,2/16/2010,6916 Longview Avenue
Chryste Ogles,cogles4v@hexun.com,"pN9""!kMJ?rF",student,176,12,MPC,B,721-719-4089,8/29/2009,428 Mitchell Junction
Vonny Blaske,vblaske4w@quantcast.com,"iV7<NteUxmv2O""KL",student,177,11,MPC,C,470-225-1834,10-02-2005,8855 Lakeland Plaza
Loella Jacklin,ljacklin4x@google.cn,oN4`z0m>,student,178,11,MPC,A,394-845-7220,9/19/2005,1 Talmadge Court
Fidelio Noden,fnoden4y@taobao.com,"xW9%d<O!R1f""Wq",student,179,12,BiPC,A,483-577-2358,5/18/2008,16673 Maywood Drive
Douglas Lenin,dlenin4z@amazon.com,gO8|SY}@qlJ,student,180,11,BiPC,B,203-644-6459,6/24/2007,09 Katie Trail
Natalie Dietmar,ndietmar50@dyndns.org,"mK5%<J!HKcla8u,E",student,181,12,MPC,C,819-853-6637,7/15/2009,0687 Sunfield Hill
Simone Bimson,sbimson51@accuweather.com,"zO3""j}/i$SOY<WR",student,182,11,MPC,A,617-942-2557,1/27/2009,19 Reinke Drive
Martita Ginger,mginger52@odnoklassniki.ru,hL4/m>B2,student,183,11,MPC,C,484-284-6918,6/17/2007,8 Annamark Plaza
Veronike Mucklow,vmucklow53@abc.net.au,jD0)OUew?p7,student,184,12,BiPC,A,740-672-7268,1/30/2008,6338 Esch Center
Jammie Benettelli,jbenettelli54@deviantart.com,"dJ3}6KljdjwCjAP,",student,185,11,BiPC,A,832-426-0730,11/29/2008,1806 Dryden Way
Kent Foot,kfoot55@japanpost.jp,dN0>D!q1V,student,186,12,MPC,B,317-931-4685,08-10-2008,4211 Esker Road
Rodd Higgen,rhiggen56@amazon.co.jp,"jY1&/GaB8A""?",student,187,12,MPC,B,189-190-2901,4/25/2010,67699 Kennedy Junction
Cass Clingoe,cclingoe57@engadget.com,yT2~OPgty0}h,student,188,12,BiPC,C,629-116-6060,02-11-2008,2 Brentwood Parkway
Guendolen Klimushev,gklimushev58@sfgate.com,"jY9""YdO#GPV",student,189,11,MPC,A,988-731-4751,2/15/2007,08796 Wayridge Avenue
Chauncey Flegg,cflegg59@ocn.ne.jp,"sT3<5LJD2t,j0",student,190,11,BiPC,A,171-528-0194,04-11-2007,83 Macpherson Point
Candra Levane,clevane5a@bloglovin.com,wH5{1_l3,student,191,12,BiPC,B,815-325-9496,01-04-2006,67635 Lien Plaza
Dyana Heineken,dheineken5b@bluehost.com,iH4@b%o>,student,192,12,MPC,B,339-108-4799,04-01-2007,6 Huxley Place
Horatia Giovannini,hgiovannini5c@homestead.com,"tF2#`,#t",student,193,11,BiPC,C,619-728-8369,6/28/2007,3 Luster Pass
Evelin Carty,ecarty5d@twitpic.com,aW6#gSY#vU,student,194,12,BiPC,B,921-302-6327,6/16/2008,3631 Jenna Place
Josephine Gobeau,jgobeau5e@yahoo.co.jp,"hZ7}""arhS2}e2p",student,195,12,MPC,C,864-307-1620,11-12-2006,11 Kensington Terrace
Naomi Meaddowcroft,nmeaddowcroft5f@friendfeed.com,sC0+4ZP4V{!0,student,196,11,BiPC,C,914-640-4342,1/29/2006,12 Montana Alley
Ive Kalisch,ikalisch5g@springer.com,mL7}c&~O)Q~@X,student,197,12,MPC,A,777-423-6447,7/20/2010,34338 Sage Street
Rochelle Bernardet,rbernardet5h@diigo.com,tK5)&w_&d,student,198,11,MPC,B,781-734-1391,4/28/2010,31077 Ridgeway Pass
Bent Gull,bgull5i@discuz.net,kI4~*v@e9@*y\,student,199,12,BiPC,A,832-345-5403,01-09-2005,37 Chinook Trail
Rancell Witherington,rwitherington5j@4shared.com,rI9_.N(fY7}8,student,200,11,BiPC,A,915-131-2565,9/21/2005,65 Blue Bill Park Pass
Carry Cusworth,ccusworth5k@homestead.com,jE6~*kOb$,student,201,11,BiPC,B,659-839-4351,06-05-2010,254 Service Center
Reeta Dashkov,rdashkov5l@bbc.co.uk,fV4{YAzrWhk.,student,202,12,MPC,C,806-883-2408,05-09-2009,313 Fairview Plaza
Walt Tolman,wtolman5m@admin.ch,"rR6'""=\3mF",student,203,11,BiPC,B,929-760-7292,11-05-2009,609 Sunnyside Parkway
Teodoro Bointon,tbointon5n@phoca.cz,kN5*Q1r{UquR,student,204,11,BiPC,B,803-145-1931,02-08-2007,3930 Morrow Lane
Eldon Dowsing,edowsing5o@baidu.com,rH3'VP!E,student,205,12,MPC,A,794-241-9657,4/16/2008,305 Melody Lane
Madelyn Climo,mclimo5p@gmpg.org,kQ6\<&Y'dGnyc&,student,206,11,MPC,A,865-649-5985,3/18/2010,6 7th Alley
Donica Beausang,dbeausang5q@altervista.org,vU2#3R3KP0,student,207,11,BiPC,B,106-310-0116,11-12-2008,694 Bowman Road
Ainslee Comi,acomi5r@furl.net,"eB2,fTEFrcQ",student,208,11,BiPC,C,950-917-8034,8/27/2005,93 Esch Parkway
Ursulina Broadley,ubroadley5s@state.gov,"uL7/+KG""&29z$a",student,209,12,MPC,A,933-423-5532,07-08-2006,9238 Hayes Park
Toinette Collister,tcollister5t@reuters.com,yH9/=J2verY<?T4,student,210,12,MPC,B,600-830-4329,12/21/2006,1 Kedzie Trail
Katerine Hassin,khassin5u@flavors.me,hD6=+a&*.,student,211,12,BiPC,A,971-995-7378,1/20/2010,54026 Merry Alley
Correy Wash,cwash5v@newsvine.com,"lH0~~C_V8M""SC?",student,212,11,BiPC,C,230-741-7610,5/17/2009,70091 Ronald Regan Way
Sydney Tearle,stearle5w@state.tx.us,hG9?=rxSi`OO7,student,213,11,MPC,A,134-113-2689,07-08-2005,420 Cherokee Drive
Mel Fevers,mfevers5x@spiegel.de,nN0>+)2F8kU,student,214,12,MPC,C,732-446-0256,02-08-2007,9 Independence Center
Loutitia Whiskin,lwhiskin5y@jalbum.net,"oQ8""&`FU+",student,215,12,MPC,C,163-999-7096,3/18/2007,34 Sullivan Junction
Cyrill Wilkerson,cwilkerson5z@aol.com,lP6#&wJ|t(Oge,student,216,11,MPC,C,101-319-6194,03-03-2006,2 Montana Road
Minette Bidgood,mbidgood60@bbc.co.uk,pA1}Kqr_VY`Z},student,217,12,BiPC,C,440-364-9564,1/27/2006,8 Park Meadow Terrace
Zaneta Karlolczak,zkarlolczak61@squarespace.com,xM2%o4Z<O%(k@k.s,student,218,12,BiPC,C,832-910-1691,10/24/2010,81 Ohio Crossing
Obadiah Moulds,omoulds62@unc.edu,cZ3.5f_MhW,student,219,12,BiPC,C,603-425-8025,1/26/2010,1324 Fisk Court
Marj De Blasio,mde63@ed.gov,yD2>1tqIQ@,student,220,12,BiPC,B,512-715-4799,04-08-2008,53 Ludington Drive
Davide Ham,dham64@yale.edu,cU9)Jp9u.2=,student,221,12,BiPC,B,269-679-0364,4/19/2006,95 Carioca Junction
Doti Janson,djanson65@vistaprint.com,qG7=0Nvv>fNo,student,222,12,BiPC,A,100-519-3076,10/17/2009,901 Sutherland Crossing
Bearnard Girardy,bgirardy66@istockphoto.com,xN1>tLLX,student,223,12,MPC,A,208-540-2711,3/30/2006,2847 Transport Road
Pris Lippingwell,plippingwell67@about.me,tW5~*./wqDA@vF6,student,224,11,MPC,C,554-488-2628,10-01-2010,53740 Corscot Crossing
Elysee Trevenu,etrevenu68@cnn.com,eI3}zKX6~,student,225,12,MPC,B,343-697-6143,5/20/2006,3183 Reinke Pass
Marchelle Lambrecht,mlambrecht69@washington.edu,bZ3.Ru$vG,student,226,12,MPC,B,962-857-7244,4/30/2008,53951 Maryland Drive
Federica Gardener,fgardener6a@marketwatch.com,mQ5/c@tFvM0Da|,student,227,12,BiPC,B,554-219-1600,08-01-2009,3 Crescent Oaks Plaza
Cally Benninger,cbenninger6b@diigo.com,nH5&'*Gf6US&N_%|,student,228,11,MPC,C,790-263-0933,10/30/2007,00 Algoma Point
Saunders July,sjuly6c@yellowbook.com,sU1*1PM6,student,229,12,MPC,B,860-780-9167,6/16/2005,630 Crescent Oaks Court
Lanni Pickton,lpickton6d@globo.com,"hN4,JsHGq",student,230,12,MPC,C,173-972-5939,12/18/2010,3228 Kedzie Trail
Kalinda Costigan,kcostigan6e@1und1.de,nY6)45eY,student,231,11,BiPC,C,270-352-7722,10/16/2010,65371 Delaware Circle
Pace Phetteplace,pphetteplace6f@netlog.com,"gQ6""~skTFSS",student,232,12,MPC,B,272-453-5922,4/26/2009,3660 Carpenter Park
Derk Deeble,ddeeble6g@sina.com.cn,mU0~'esg36hl,student,233,11,MPC,B,611-728-1324,07-08-2010,26 Doe Crossing Road
Lucius Pantin,lpantin6h@webs.com,lK0~vI7\7rq,student,234,12,BiPC,A,181-624-0422,6/22/2009,051 Chive Drive
Henderson Bollum,hbollum6i@bloglovin.com,jG9)+hFX_XCVVi,student,235,11,MPC,A,227-901-9388,07-07-2006,963 Mitchell Hill
Ermentrude Meece,emeece6j@nsw.gov.au,"qP7./vI,=",student,236,11,MPC,C,709-271-6796,11-08-2005,7 Monica Avenue
Joshia Dany,jdany6k@narod.ru,cX4/$9vn#)ij,student,237,11,MPC,B,181-507-8049,2/18/2006,2 Meadow Vale Parkway
Christye Danielsen,cdanielsen6l@hexun.com,qT4!VP9XI_,student,238,11,MPC,B,405-633-2969,3/15/2005,70222 Commercial Hill
Lynnea Peplay,lpeplay6m@360.cn,"cT9'm!Ctc9oXq=,7",student,239,11,MPC,A,562-136-3181,06-08-2010,5 Prairie Rose Road
Jacinda Ragbourn,jragbourn6n@princeton.edu,"mY8`9g,fX|_a(gdO",student,240,12,MPC,A,541-984-0589,01-04-2010,22 Reindahl Park
Gisella Molian,gmolian6o@arizona.edu,uY8}A@EkDZY9kep,student,241,11,BiPC,C,772-126-5576,06-08-2010,7027 Donald Park
Harmon Le febre,hle6p@godaddy.com,gA3/Mlv0,student,242,11,MPC,A,693-211-9549,12/19/2008,63 Johnson Lane
Othella Bly,obly6q@zimbio.com,"zR2#FGU>/tlnFJ""",student,243,11,MPC,A,478-781-7953,3/20/2005,0 Muir Alley
Viola Selvey,vselvey6r@businesswire.com,iK3?K$R!{#,student,244,11,BiPC,A,331-152-1779,7/30/2007,7 Di Loreto Court
Terri-jo Januszkiewicz,tjanuszkiewicz6s@wired.com,"dO7""N*)DR+",student,245,12,BiPC,A,815-154-4625,1/25/2010,45881 Larry Terrace
Matelda Port,mport6t@mail.ru,gX1{VyJMwY)@,student,246,12,MPC,A,572-993-6824,3/16/2009,8905 Grayhawk Drive
Palm Dignam,pdignam6u@usda.gov,tU3'LCPecN'%,student,247,12,MPC,C,369-559-5576,04-04-2006,9 Fremont Trail
Addi Castiglioni,acastiglioni6v@technorati.com,tG2'Zz}{dvQ/mor,student,248,12,MPC,C,574-630-3365,5/18/2006,59077 Scoville Place
Mignon Longhorn,mlonghorn6w@narod.ru,"rK6=k,uLUPPOk_c_",student,249,12,MPC,B,219-962-0328,2/26/2006,71 Lighthouse Bay Lane
Loy Stopps,lstopps6x@prweb.com,sL6$0Hh?Db.#,student,250,12,MPC,C,784-480-3785,2/27/2008,8 Spohn Circle
Ellette Copo,ecopo6y@infoseek.co.jp,yA4?lTdH&dc,student,251,12,MPC,A,753-904-9257,1/19/2008,6325 Atwood Road
Yuma Thomsen,ythomsen6z@dagondesign.com,fG7`7hy4N,student,252,12,MPC,A,344-977-5532,04-12-2005,97 Sutteridge Avenue
Ashlin Hendren,ahendren70@dmoz.org,lZ3~f1{qolY(P=*4,student,253,12,BiPC,C,253-352-5240,08-04-2009,842 Kingsford Parkway
Reggy Verrall,rverrall71@ameblo.jp,lQ8{I&P`!f!k,student,254,11,MPC,C,853-562-8796,04-12-2009,0445 Roth Way
Vaclav Itzcovich,vitzcovich72@shinystat.com,oF1%*ED5zZo=5,student,255,12,MPC,C,645-996-8067,04-12-2009,8 Larry Plaza
Arvie Shillinglaw,ashillinglaw73@mit.edu,yC0/`H8mJyy8cl,student,256,12,MPC,B,280-874-5839,05-02-2007,61729 Cody Hill
Clayton McAsgill,cmcasgill74@noaa.gov,"cY6""eG40.Z2",student,257,12,MPC,B,512-349-0268,12/21/2007,3 Anniversary Hill
Payton Shepherdson,pshepherdson75@myspace.com,oL5.ra!UzI`Ana%a,student,258,11,MPC,B,528-478-4827,01-10-2009,8 Old Shore Road
Hewet Blevin,hblevin76@mtv.com,iS9*!QDkfvr\n,student,259,11,MPC,C,645-237-3562,4/25/2008,5 Knutson Pass
Matilda Tibbotts,mtibbotts77@gov.uk,"dF6=""f,S4RL",student,260,11,MPC,C,940-898-3734,12-04-2009,822 Portage Road
Sally Gilphillan,sgilphillan78@seesaa.net,qP4}8.vdhmetLb?,student,261,12,MPC,C,707-431-6891,2/18/2009,288 Michigan Plaza
Nikolas Alliker,nalliker79@nyu.edu,dH6$){bp*W?,student,262,12,BiPC,C,131-215-7398,01-12-2006,61813 Caliangt Lane
Shanda Joannic,sjoannic7a@cafepress.com,eB9'_hmTO7K,student,263,12,MPC,C,850-676-1657,06-08-2008,063 Briar Crest Hill
Samuele Firks,sfirks7b@dailymotion.com,vN2#Ew#>4v7zkh,student,264,11,BiPC,B,117-692-3542,6/23/2008,58628 Monica Hill
Padget Klainman,pklainman7c@wikia.com,zS1%t<=_pmb,student,265,11,BiPC,B,508-151-8763,6/16/2010,239 Declaration Pass
Dael Moncarr,dmoncarr7d@jimdo.com,"zQ3~FJ""1*jtt5=""",student,266,11,MPC,A,622-501-3423,08-09-2007,41 Cherokee Junction
Kennith Bullivent,kbullivent7e@engadget.com,lS2&%3G3nBv\,student,267,12,BiPC,B,714-650-3699,1/23/2008,486 Golf Pass
Ange Glenn,aglenn7f@instagram.com,wL4.6ROg$,student,268,12,BiPC,C,640-945-6463,12/21/2006,59 Crescent Oaks Lane
Cull Agnolo,cagnolo7g@phpbb.com,"xL6,50dIfGh6{",student,269,12,MPC,A,829-203-8216,8/24/2008,5596 Hoard Parkway
Channa Woolcocks,cwoolcocks7h@homestead.com,sU6|PCUY1q(?NG,student,270,11,BiPC,B,983-396-0337,12-12-2006,98982 Union Crossing
Hersch Carverhill,hcarverhill7i@cnet.com,"eS7?ZAMT&W,xO+",student,271,12,BiPC,A,316-534-8773,11-05-2009,4552 Hintze Parkway
Chloris Croneen,ccroneen7j@ebay.co.uk,zS7=CU*r7RzX,student,272,11,MPC,C,474-775-6892,06-02-2009,89 Lunder Court
Westleigh Morrow,wmorrow7k@goo.gl,"aF1""{ejDVc7{p",student,273,12,MPC,C,904-494-1796,9/28/2008,488 Memorial Lane
Etan Edon,eedon7l@dailymail.co.uk,cI2%5r}`0Z,student,274,11,MPC,C,281-968-0328,02-09-2009,3475 Namekagon Avenue
Abagail Wallbanks,awallbanks7m@slate.com,uZ1%O8ZH2YIp?,student,275,11,MPC,A,783-106-8261,04-05-2006,228 Bowman Street
Paulette Pfeffle,ppfeffle7n@acquirethisname.com,fY1+\w3$OifU(,student,276,12,MPC,A,951-939-3863,12/17/2007,6286 3rd Place
Caryn Leavry,cleavry7o@godaddy.com,dQ7*1HU#t>y,student,277,12,MPC,B,331-641-5047,4/30/2009,53793 Graedel Drive
Vivi Courteney,vcourteney7p@nydailynews.com,qB2'_#{I,student,278,11,BiPC,B,882-227-8996,4/20/2005,206 Shoshone Park
Ara McGreal,amcgreal7q@shinystat.com,"bW8""w""6X$yL",student,279,12,BiPC,A,355-943-2267,11-07-2008,415 3rd Junction
Sonnie Beever,sbeever7r@tuttocitta.it,zN8/)&|)eW',student,280,11,BiPC,B,694-287-8013,03-03-2006,2159 Eastwood Trail
Bernadine Minghi,bminghi7s@imdb.com,"kU2!zoH""M",student,281,12,MPC,B,351-757-6515,1/20/2006,83690 Montana Circle
Valerye Starkey,vstarkey7t@cmu.edu,qW5$D0e|`6@*c9,student,282,12,BiPC,C,192-789-2604,8/16/2007,163 Donald Parkway
Salmon Nason,snason7u@dropbox.com,"dR3`G#$,gnW",student,283,12,BiPC,C,638-692-1034,08-11-2006,67 Crest Line Alley
Cyrus Rosbottom,crosbottom7v@arizona.edu,uL2@yZ~RCPxx*`f,student,284,11,MPC,C,355-557-4748,04-09-2007,3 Redwing Way
Kennedy Bazley,kbazley7w@istockphoto.com,tM5!bxe!Lq*Nt,student,285,12,MPC,A,889-103-1315,2/25/2007,0167 Glendale Hill
Timothy Whitelock,twhitelock7x@flickr.com,vX3@_&n)&GV>rHe,student,286,11,MPC,B,501-625-8200,09-06-2009,7534 Burning Wood Hill
Shea Spaven,sspaven7y@example.com,"zV3|2M""z8",student,287,12,MPC,B,164-513-1351,06-04-2008,80 Texas Alley
Annalise Covotto,acovotto7z@amazon.de,"wT5""|/.0'S$+'$G",student,288,11,BiPC,B,393-178-6365,6/20/2008,10472 Sycamore Hill
Rozele Halfacre,rhalfacre80@nbcnews.com,wK7'8|z=(7xVK,student,289,11,BiPC,C,984-670-5784,10/31/2009,735 Butterfield Terrace
Alleyn Piercy,apiercy81@cmu.edu,lX8(3Z3N0po~,student,290,12,MPC,C,399-998-2505,04-03-2010,570 Drewry Court
Biron Clowney,bclowney82@bluehost.com,"aR3&>jynnY=$V2,d",student,291,11,BiPC,C,425-997-9258,12/22/2007,8 Homewood Hill
Stephi Bowlesworth,sbowlesworth83@opera.com,"yY4%JgV2"">S",student,292,11,BiPC,B,616-937-9144,6/13/2007,64 Veith Point
Russell Dellenbroker,rdellenbroker84@livejournal.com,dS7/{i!E/BE7H,student,293,12,BiPC,B,557-573-4824,12-05-2007,0 Orin Hill
Susanne Kirkham,skirkham85@mapquest.com,aS7{~3f?F'QB5,student,294,11,BiPC,A,363-207-0946,4/22/2007,920 Crest Line Trail
Michelle Corradeschi,mcorradeschi86@google.nl,"gU7$yF!h,",student,295,12,BiPC,C,201-273-6245,11-01-2008,2435 Melvin Trail
Corrie Fortun,cfortun87@whitehouse.gov,qE6*Ab=u,student,296,11,MPC,A,169-207-2786,6/20/2005,210 Melby Alley
Earle Hawtry,ehawtry88@ucla.edu,xK3!o1+4PB\,student,297,12,MPC,C,627-854-2600,1/19/2006,0338 Crowley Junction
Claudius Kenewel,ckenewel89@hatena.ne.jp,oM7#|Q0i4CcJXn$O,student,298,12,BiPC,B,904-824-1892,4/21/2009,18 Jenifer Point
Scotty Noad,snoad8a@tripod.com,aJ2/<_Zt1h,student,299,11,BiPC,B,673-756-6613,09-03-2010,45216 Fulton Center
Marinna Thame,mthame8b@mlb.com,xH4+O9*cEqi<5*~,student,300,11,MPC,C,735-294-1091,12-04-2009,8 Sutherland Drive
